scenario,scenario_label,sex_label,hist_bias_pct,proj_bias_pct
freeze,Freeze,Female,-0.03928644445698413,0.12204094291220163
freeze,Freeze,Male,-0.027319545833197307,-1.5967905938730282
up1pc,$\uparrow$1\%,Female,-0.03928644445698413,0.13066370800460994
up1pc,$\uparrow$1\%,Male,-0.027319545833197307,-1.465049297526155
down1pc,$\downarrow$1\%,Female,-0.03928644445698413,0.23634181309820845
down1pc,$\downarrow$1\%,Male,-0.027319545833197307,-1.5702117055042697
quit,Quit,Female,-0.03928644445698413,2.6002855942041907
quit,Quit,Male,-0.027319545833197307,0.6044654570818513
